Category	Term	Count	%	PValue	Genes	List Total	Pop Hits	Pop Total	Fold Enrichment	Bonferroni	Benjamini	FDR
UP_KEYWORDS	Cytoplasm	7	33.33333333333333	0.08552326713323932	ENSG00000149115, ENSG00000176749, ENSG00000097007, ENSG00000261150, ENSG00000204388, ENSG00000173597, ENSG00000179979	15	4816	20581	1.9942829457364342	0.9964200448197941	0.9964200448197941	59.55619896726534
